identifier,title,state,current_labels,matching_area_labels,lane,action,reason,status,error,url
MARPA-249,[claude-code] Add scripts/symphony-run.sh — one-command Symphony launcher,Backlog,"Feature, claude-code, infra, symphony",,,skip,already has lane label: claude-code,skipped,,https://linear.app/00-command-center/issue/MARPA-249/claude-code-add-scriptssymphony-runsh-one-command-symphony-launcher
MARPA-248,[human-only] Connect GitHub repo to Linear via OAuth integration,Backlog,"human-only, infra, symphony",,,skip,already has lane label: human-only,skipped,,https://linear.app/00-command-center/issue/MARPA-248/human-only-connect-github-repo-to-linear-via-oauth-integration
MARPA-247,[codex] Add scripts/symphony-label-issues.py — bulk lane-label MARPA issues via Linear API,Backlog,"Feature, codex, infra, symphony",,,skip,already has lane label: codex,skipped,,https://linear.app/00-command-center/issue/MARPA-247/codex-add-scriptssymphony-label-issuespy-bulk-lane-label-marpa-issues
MARPA-246,[codex] Apply agent-lane labels to all MARPA Linear issues,Backlog,"codex, infra, meta-harness, symphony",,,skip,already has lane label: codex,skipped,,https://linear.app/00-command-center/issue/MARPA-246/codex-apply-agent-lane-labels-to-all-marpa-linear-issues
MARPA-245,[human-only] Set LINEAR_API_KEY and SYMPHONY_WORKSPACE_ROOT as GitHub secrets and local env,Backlog,"human-only, infra, symphony",,,skip,already has lane label: human-only,skipped,,https://linear.app/00-command-center/issue/MARPA-245/human-only-set-linear-api-key-and-symphony-workspace-root-as-github
MARPA-244,[human-only] Install Symphony Elixir orchestrator via mise,Backlog,"human-only, infra, symphony",,,skip,already has lane label: human-only,skipped,,https://linear.app/00-command-center/issue/MARPA-244/human-only-install-symphony-elixir-orchestrator-via-mise
MARPA-243,[warp-pi] Update Codex CLI from 0.128.0 to 0.130.0,Backlog,"infra, symphony, warp-pi",,,skip,already has lane label: warp-pi,skipped,,https://linear.app/00-command-center/issue/MARPA-243/warp-pi-update-codex-cli-from-01280-to-01300
MARPA-242,[warp-pi] Add .codex/config.toml — Codex CLI project configuration,Backlog,"Feature, infra, symphony, warp-pi",,,skip,already has lane label: warp-pi,skipped,,https://linear.app/00-command-center/issue/MARPA-242/warp-pi-add-codexconfigtoml-codex-cli-project-configuration
MARPA-241,[claude-code] Add WORKFLOW.md Symphony orchestration config,Backlog,"Feature, claude-code, infra, symphony",,,skip,already has lane label: claude-code,skipped,,https://linear.app/00-command-center/issue/MARPA-241/claude-code-add-workflowmd-symphony-orchestration-config
MARPA-240,[claude-code] Add AGENTS.md to repo root for Codex CLI context,Backlog,"Feature, claude-code, infra, symphony",,,skip,already has lane label: claude-code,skipped,,https://linear.app/00-command-center/issue/MARPA-240/claude-code-add-agentsmd-to-repo-root-for-codex-cli-context
MARPA-239,Setup: Local LLM infrastructure — Ollama on Apple Silicon for LATTICE agent routing,Backlog,"agent-ready, agent-runtime",agent-runtime,claude-code,label,matched area labels: agent-runtime,dry-run,,https://linear.app/00-command-center/issue/MARPA-239/setup-local-llm-infrastructure-ollama-on-apple-silicon-for-lattice
MARPA-238,Feature: Reference image geo-tagging on Cesium globe — connect to VW Plant Style Manager,Backlog,"agent-ready, cesium, plant-geometry",plant-geometry,claude-code,label,matched area labels: plant-geometry,dry-run,,https://linear.app/00-command-center/issue/MARPA-238/feature-reference-image-geo-tagging-on-cesium-globe-connect-to-vw
MARPA-237,Feature: MARPA project registry — seed all projects with lat/lon and PostGIS geometry,Backlog,"agent-ready, cesium",,claude-code,label,no mapped area label; defaulted to claude-code,dry-run,,https://linear.app/00-command-center/issue/MARPA-237/feature-marpa-project-registry-seed-all-projects-with-latlon-and
MARPA-236,Feature: PostGIS spatial joins — ifc_elements × site_zones for zone analysis,Backlog,"agent-ready, analytics-layer",analytics-layer,claude-code,label,matched area labels: analytics-layer,dry-run,,https://linear.app/00-command-center/issue/MARPA-236/feature-postgis-spatial-joins-ifc-elements-site-zones-for-zone
MARPA-235,Feature: 3D Plant Asset Pipeline — geo-tagged reference images → ComfyUI → GLB → VW Plant Style,Backlog,"agent-ready, plant-geometry, vw-bridge","plant-geometry, vw-bridge",claude-code,label,"matched area labels: plant-geometry, vw-bridge",dry-run,,https://linear.app/00-command-center/issue/MARPA-235/feature-3d-plant-asset-pipeline-geo-tagged-reference-images-comfyui
MARPA-234,"Schema: Run migration 0012 — extended PostGIS, DDC admin, 3D pipeline, GenAI tables",Backlog,agent-ready,,claude-code,label,no mapped area label; defaulted to claude-code,dry-run,,https://linear.app/00-command-center/issue/MARPA-234/schema-run-migration-0012-extended-postgis-ddc-admin-3d-pipeline-genai
MARPA-233,Feature: Index 221 DDC skills in Pixeltable semantic_sidecars for agent search,Backlog,agent-ready,,claude-code,label,no mapped area label; defaulted to claude-code,dry-run,,https://linear.app/00-command-center/issue/MARPA-233/feature-index-221-ddc-skills-in-pixeltable-semantic-sidecars-for-agent
MARPA-232,Research: Extract DDC n8n workflows → LATTICE FastAPI pipeline equivalents,Backlog,agent-ready,,claude-code,label,no mapped area label; defaulted to claude-code,dry-run,,https://linear.app/00-command-center/issue/MARPA-232/research-extract-ddc-n8n-workflows-lattice-fastapi-pipeline
MARPA-231,Feature: Admin dashboard route /admin,Backlog,agent-ready,,claude-code,label,no mapped area label; defaulted to claude-code,dry-run,,https://linear.app/00-command-center/issue/MARPA-231/feature-admin-dashboard-route-admin
MARPA-230,Feature: OpenConstructionERP BOQ adapter,Backlog,agent-ready,,claude-code,label,no mapped area label; defaulted to claude-code,dry-run,,https://linear.app/00-command-center/issue/MARPA-230/feature-openconstructionerp-boq-adapter
MARPA-229,Setup: CWICR Qdrant in OrbStack Ubuntu VM,Backlog,agent-ready,,claude-code,label,no mapped area label; defaulted to claude-code,dry-run,,https://linear.app/00-command-center/issue/MARPA-229/setup-cwicr-qdrant-in-orbstack-ubuntu-vm
MARPA-228,Research: iTwin Tier 1 packages — verify install compatibility with LATTICE stack,Backlog,agent-ready,,claude-code,label,no mapped area label; defaulted to claude-code,dry-run,,https://linear.app/00-command-center/issue/MARPA-228/research-itwin-tier-1-packages-verify-install-compatibility-with
MARPA-227,Prospect projects,Backlog,"agent-ready, cesium",,claude-code,label,no mapped area label; defaulted to claude-code,dry-run,,https://linear.app/00-command-center/issue/MARPA-227/prospect-projects
MARPA-226,Historical projects,Backlog,"agent-ready, cesium",,claude-code,label,no mapped area label; defaulted to claude-code,dry-run,,https://linear.app/00-command-center/issue/MARPA-226/historical-projects
MARPA-225,Project thumbnail generation,Backlog,"agent-ready, cesium",,claude-code,label,no mapped area label; defaulted to claude-code,dry-run,,https://linear.app/00-command-center/issue/MARPA-225/project-thumbnail-generation
MARPA-224,Seed script,Backlog,"agent-ready, cesium",,claude-code,label,no mapped area label; defaulted to claude-code,dry-run,,https://linear.app/00-command-center/issue/MARPA-224/seed-script
MARPA-223,Web Worker for Fragment loading,Backlog,"agent-ready, cesium",,claude-code,label,no mapped area label; defaulted to claude-code,dry-run,,https://linear.app/00-command-center/issue/MARPA-223/web-worker-for-fragment-loading
MARPA-222,Progressive detail,Backlog,"agent-ready, cesium",,claude-code,label,no mapped area label; defaulted to claude-code,dry-run,,https://linear.app/00-command-center/issue/MARPA-222/progressive-detail
MARPA-221,Tile-based project loading,Backlog,"agent-ready, cesium",,claude-code,label,no mapped area label; defaulted to claude-code,dry-run,,https://linear.app/00-command-center/issue/MARPA-221/tile-based-project-loading
MARPA-220,Fragment cache per project,Backlog,"agent-ready, cesium",,claude-code,label,no mapped area label; defaulted to claude-code,dry-run,,https://linear.app/00-command-center/issue/MARPA-220/fragment-cache-per-project
MARPA-218,Field status updates,Backlog,"agent-ready, cesium",,claude-code,label,no mapped area label; defaulted to claude-code,dry-run,,https://linear.app/00-command-center/issue/MARPA-218/field-status-updates
MARPA-219,Photo/document evidence,Backlog,"agent-ready, cesium",,claude-code,label,no mapped area label; defaulted to claude-code,dry-run,,https://linear.app/00-command-center/issue/MARPA-219/photodocument-evidence
MARPA-217,Photo/document evidence,Backlog,"agent-ready, cesium",,claude-code,label,no mapped area label; defaulted to claude-code,dry-run,,https://linear.app/00-command-center/issue/MARPA-217/photodocument-evidence
MARPA-216,Schedule timeline,Backlog,"agent-ready, cesium",,claude-code,label,no mapped area label; defaulted to claude-code,dry-run,,https://linear.app/00-command-center/issue/MARPA-216/schedule-timeline
MARPA-215,DDC admin overlay,Backlog,"agent-ready, cesium",,claude-code,label,no mapped area label; defaulted to claude-code,dry-run,,https://linear.app/00-command-center/issue/MARPA-215/ddc-admin-overlay
MARPA-214,Linear sync,Backlog,"agent-ready, cesium",,claude-code,label,no mapped area label; defaulted to claude-code,dry-run,,https://linear.app/00-command-center/issue/MARPA-214/linear-sync
MARPA-213,Phase layer,Backlog,"agent-ready, cesium",,claude-code,label,no mapped area label; defaulted to claude-code,dry-run,,https://linear.app/00-command-center/issue/MARPA-213/phase-layer
MARPA-212,Cost layer,Backlog,"agent-ready, cesium",,claude-code,label,no mapped area label; defaulted to claude-code,dry-run,,https://linear.app/00-command-center/issue/MARPA-212/cost-layer
MARPA-211,Schedule progress layer,Backlog,"agent-ready, cesium",,claude-code,label,no mapped area label; defaulted to claude-code,dry-run,,https://linear.app/00-command-center/issue/MARPA-211/schedule-progress-layer
MARPA-210,Task status layer,Backlog,"agent-ready, cesium",,claude-code,label,no mapped area label; defaulted to claude-code,dry-run,,https://linear.app/00-command-center/issue/MARPA-210/task-status-layer
MARPA-209,Multiple projects visible simultaneously,Backlog,"agent-ready, cesium",,claude-code,label,no mapped area label; defaulted to claude-code,dry-run,,https://linear.app/00-command-center/issue/MARPA-209/multiple-projects-visible-simultaneously
MARPA-208,Multiple projects visible simultaneously,Backlog,"agent-ready, cesium",,claude-code,label,no mapped area label; defaulted to claude-code,dry-run,,https://linear.app/00-command-center/issue/MARPA-208/multiple-projects-visible-simultaneously
MARPA-207,Task status layer,Backlog,"agent-ready, cesium",,claude-code,label,no mapped area label; defaulted to claude-code,dry-run,,https://linear.app/00-command-center/issue/MARPA-207/task-status-layer
MARPA-206,Schedule progress layer,Backlog,"agent-ready, cesium",,claude-code,label,no mapped area label; defaulted to claude-code,dry-run,,https://linear.app/00-command-center/issue/MARPA-206/schedule-progress-layer
MARPA-205,Cost layer,Backlog,"agent-ready, cesium",,claude-code,label,no mapped area label; defaulted to claude-code,dry-run,,https://linear.app/00-command-center/issue/MARPA-205/cost-layer
MARPA-204,Phase layer,Backlog,"agent-ready, cesium",,claude-code,label,no mapped area label; defaulted to claude-code,dry-run,,https://linear.app/00-command-center/issue/MARPA-204/phase-layer
MARPA-203,Linear sync,Backlog,"agent-ready, cesium",,claude-code,label,no mapped area label; defaulted to claude-code,dry-run,,https://linear.app/00-command-center/issue/MARPA-203/linear-sync
MARPA-202,DDC admin overlay,Backlog,"agent-ready, cesium",,claude-code,label,no mapped area label; defaulted to claude-code,dry-run,,https://linear.app/00-command-center/issue/MARPA-202/ddc-admin-overlay
MARPA-201,Schedule timeline,Backlog,"agent-ready, cesium",,claude-code,label,no mapped area label; defaulted to claude-code,dry-run,,https://linear.app/00-command-center/issue/MARPA-201/schedule-timeline
MARPA-200,Photo/document evidence,Backlog,"agent-ready, cesium",,claude-code,label,no mapped area label; defaulted to claude-code,dry-run,,https://linear.app/00-command-center/issue/MARPA-200/photodocument-evidence
MARPA-199,Field status updates,Backlog,"agent-ready, cesium",,claude-code,label,no mapped area label; defaulted to claude-code,dry-run,,https://linear.app/00-command-center/issue/MARPA-199/field-status-updates
MARPA-198,Fragment cache per project,Backlog,"agent-ready, cesium",,claude-code,label,no mapped area label; defaulted to claude-code,dry-run,,https://linear.app/00-command-center/issue/MARPA-198/fragment-cache-per-project
MARPA-197,Tile-based project loading,Backlog,"agent-ready, cesium",,claude-code,label,no mapped area label; defaulted to claude-code,dry-run,,https://linear.app/00-command-center/issue/MARPA-197/tile-based-project-loading
MARPA-196,Progressive detail,Backlog,"agent-ready, cesium",,claude-code,label,no mapped area label; defaulted to claude-code,dry-run,,https://linear.app/00-command-center/issue/MARPA-196/progressive-detail
MARPA-195,Web Worker for Fragment loading,Backlog,"agent-ready, cesium",,claude-code,label,no mapped area label; defaulted to claude-code,dry-run,,https://linear.app/00-command-center/issue/MARPA-195/web-worker-for-fragment-loading
MARPA-194,Seed script,Backlog,"agent-ready, cesium",,claude-code,label,no mapped area label; defaulted to claude-code,dry-run,,https://linear.app/00-command-center/issue/MARPA-194/seed-script
MARPA-193,Project thumbnail generation,Backlog,"agent-ready, cesium",,claude-code,label,no mapped area label; defaulted to claude-code,dry-run,,https://linear.app/00-command-center/issue/MARPA-193/project-thumbnail-generation
MARPA-192,Historical projects,Backlog,"agent-ready, cesium",,claude-code,label,no mapped area label; defaulted to claude-code,dry-run,,https://linear.app/00-command-center/issue/MARPA-192/historical-projects
MARPA-191,Prospect projects,Backlog,"agent-ready, cesium",,claude-code,label,no mapped area label; defaulted to claude-code,dry-run,,https://linear.app/00-command-center/issue/MARPA-191/prospect-projects
MARPA-190,Research: iTwin Tier 1 packages — verify install compatibility with LATTICE stack,Backlog,agent-ready,,claude-code,label,no mapped area label; defaulted to claude-code,dry-run,,https://linear.app/00-command-center/issue/MARPA-190/research-itwin-tier-1-packages-verify-install-compatibility-with
MARPA-189,Setup: CWICR Qdrant in OrbStack Ubuntu VM,Backlog,agent-ready,,claude-code,label,no mapped area label; defaulted to claude-code,dry-run,,https://linear.app/00-command-center/issue/MARPA-189/setup-cwicr-qdrant-in-orbstack-ubuntu-vm
MARPA-188,Feature: OpenConstructionERP BOQ adapter,Backlog,agent-ready,,claude-code,label,no mapped area label; defaulted to claude-code,dry-run,,https://linear.app/00-command-center/issue/MARPA-188/feature-openconstructionerp-boq-adapter
MARPA-187,Feature: Admin dashboard route /admin,Backlog,agent-ready,,claude-code,label,no mapped area label; defaulted to claude-code,dry-run,,https://linear.app/00-command-center/issue/MARPA-187/feature-admin-dashboard-route-admin
MARPA-186,Research: Extract DDC n8n workflows → LATTICE FastAPI pipeline equivalents,Backlog,agent-ready,,claude-code,label,no mapped area label; defaulted to claude-code,dry-run,,https://linear.app/00-command-center/issue/MARPA-186/research-extract-ddc-n8n-workflows-lattice-fastapi-pipeline
MARPA-185,Feature: Index 221 DDC skills in Pixeltable semantic_sidecars for agent search,Backlog,agent-ready,,claude-code,label,no mapped area label; defaulted to claude-code,dry-run,,https://linear.app/00-command-center/issue/MARPA-185/feature-index-221-ddc-skills-in-pixeltable-semantic-sidecars-for-agent
MARPA-184,"Schema: Run migration 0012 — extended PostGIS, DDC admin, 3D pipeline, GenAI tables",Backlog,agent-ready,,claude-code,label,no mapped area label; defaulted to claude-code,dry-run,,https://linear.app/00-command-center/issue/MARPA-184/schema-run-migration-0012-extended-postgis-ddc-admin-3d-pipeline-genai
MARPA-183,Feature: 3D Plant Asset Pipeline — geo-tagged reference images → ComfyUI → GLB → VW Plant Style,Backlog,"agent-ready, plant-geometry, vw-bridge","plant-geometry, vw-bridge",claude-code,label,"matched area labels: plant-geometry, vw-bridge",dry-run,,https://linear.app/00-command-center/issue/MARPA-183/feature-3d-plant-asset-pipeline-geo-tagged-reference-images-comfyui
MARPA-182,Feature: PostGIS spatial joins — ifc_elements × site_zones for zone analysis,Backlog,"agent-ready, analytics-layer",analytics-layer,claude-code,label,matched area labels: analytics-layer,dry-run,,https://linear.app/00-command-center/issue/MARPA-182/feature-postgis-spatial-joins-ifc-elements-site-zones-for-zone
MARPA-181,Feature: MARPA project registry — seed all projects with lat/lon and PostGIS geometry,Backlog,"agent-ready, cesium",,claude-code,label,no mapped area label; defaulted to claude-code,dry-run,,https://linear.app/00-command-center/issue/MARPA-181/feature-marpa-project-registry-seed-all-projects-with-latlon-and
MARPA-180,Feature: Reference image geo-tagging on Cesium globe — connect to VW Plant Style Manager,Backlog,"agent-ready, cesium, plant-geometry",plant-geometry,claude-code,label,matched area labels: plant-geometry,dry-run,,https://linear.app/00-command-center/issue/MARPA-180/feature-reference-image-geo-tagging-on-cesium-globe-connect-to-vw
MARPA-179,Setup: Local LLM infrastructure — Ollama on Apple Silicon for LATTICE agent routing,Backlog,"agent-ready, agent-runtime",agent-runtime,claude-code,label,matched area labels: agent-runtime,dry-run,,https://linear.app/00-command-center/issue/MARPA-179/setup-local-llm-infrastructure-ollama-on-apple-silicon-for-lattice
MARPA-178,Setup: ComfyUI server for plant asset generation — Apple Silicon Mac,Backlog,"agent-ready, plant-geometry",plant-geometry,claude-code,label,matched area labels: plant-geometry,dry-run,,https://linear.app/00-command-center/issue/MARPA-178/setup-comfyui-server-for-plant-asset-generation-apple-silicon-mac
MARPA-177,Feature: GeoAI tree detection — classify existing trees from LiDAR + orthophoto,Backlog,"agent-ready, point-cloud",point-cloud,claude-code,label,matched area labels: point-cloud,dry-run,,https://linear.app/00-command-center/issue/MARPA-177/feature-geoai-tree-detection-classify-existing-trees-from-lidar
MARPA-176,Feature: Local model registry — track all local LLM/GenAI/GeoAI models in Pixeltable,Backlog,"agent-ready, agent-runtime",agent-runtime,claude-code,label,matched area labels: agent-runtime,dry-run,,https://linear.app/00-command-center/issue/MARPA-176/feature-local-model-registry-track-all-local-llmgenaigeoai-models-in
MARPA-175,ifc_elements WKT geometry,Backlog,agent-ready,,claude-code,label,no mapped area label; defaulted to claude-code,dry-run,,https://linear.app/00-command-center/issue/MARPA-175/ifc-elements-wkt-geometry
MARPA-174,ifc_elements BIS columns,Backlog,agent-ready,,claude-code,label,no mapped area label; defaulted to claude-code,dry-run,,https://linear.app/00-command-center/issue/MARPA-174/ifc-elements-bis-columns
MARPA-173,ifc_elements DDC admin columns,Backlog,agent-ready,,claude-code,label,no mapped area label; defaulted to claude-code,dry-run,,https://linear.app/00-command-center/issue/MARPA-173/ifc-elements-ddc-admin-columns
MARPA-172,PostGIS spatial extension at the PG layer,Backlog,agent-ready,,claude-code,label,no mapped area label; defaulted to claude-code,dry-run,,https://linear.app/00-command-center/issue/MARPA-172/postgis-spatial-extension-at-the-pg-layer
MARPA-171,WKT-to-PostGIS computed columns,Backlog,agent-ready,,claude-code,label,no mapped area label; defaulted to claude-code,dry-run,,https://linear.app/00-command-center/issue/MARPA-171/wkt-to-postgis-computed-columns
MARPA-170,Spatial join computed column,Backlog,agent-ready,,claude-code,label,no mapped area label; defaulted to claude-code,dry-run,,https://linear.app/00-command-center/issue/MARPA-170/spatial-join-computed-column
MARPA-169,marpa_projects seed script,Backlog,agent-ready,,claude-code,label,no mapped area label; defaulted to claude-code,dry-run,,https://linear.app/00-command-center/issue/MARPA-169/marpa-projects-seed-script
MARPA-168,site_zones authoring UI,Backlog,agent-ready,,claude-code,label,no mapped area label; defaulted to claude-code,dry-run,,https://linear.app/00-command-center/issue/MARPA-168/site-zones-authoring-ui
MARPA-167,reference_images embedding,Backlog,agent-ready,,claude-code,label,no mapped area label; defaulted to claude-code,dry-run,,https://linear.app/00-command-center/issue/MARPA-167/reference-images-embedding
MARPA-166,Reference image collection UI,Backlog,"agent-ready, plant-geometry",plant-geometry,claude-code,label,matched area labels: plant-geometry,dry-run,,https://linear.app/00-command-center/issue/MARPA-166/reference-image-collection-ui
MARPA-165,Species matching via spatial proximity,Backlog,"agent-ready, plant-geometry",plant-geometry,claude-code,label,matched area labels: plant-geometry,dry-run,,https://linear.app/00-command-center/issue/MARPA-165/species-matching-via-spatial-proximity
MARPA-164,ComfyUI job dispatch,Backlog,"agent-ready, plant-geometry",plant-geometry,claude-code,label,matched area labels: plant-geometry,dry-run,,https://linear.app/00-command-center/issue/MARPA-164/comfyui-job-dispatch
MARPA-163,ComfyUI dispatcher process,Backlog,"agent-ready, plant-geometry",plant-geometry,claude-code,label,matched area labels: plant-geometry,dry-run,,https://linear.app/00-command-center/issue/MARPA-163/comfyui-dispatcher-process
MARPA-162,GLB conversion,Backlog,"agent-ready, plant-geometry",plant-geometry,claude-code,label,matched area labels: plant-geometry,dry-run,,https://linear.app/00-command-center/issue/MARPA-162/glb-conversion
MARPA-161,Cinema 4D project skeleton,Backlog,"agent-ready, plant-geometry",plant-geometry,claude-code,label,matched area labels: plant-geometry,dry-run,,https://linear.app/00-command-center/issue/MARPA-161/cinema-4d-project-skeleton
MARPA-160,VW Plant Style assignment,Backlog,"agent-ready, plant-geometry",plant-geometry,claude-code,label,matched area labels: plant-geometry,dry-run,,https://linear.app/00-command-center/issue/MARPA-160/vw-plant-style-assignment
MARPA-159,Pixeltable cascade trigger,Backlog,"agent-ready, plant-geometry",plant-geometry,claude-code,label,matched area labels: plant-geometry,dry-run,,https://linear.app/00-command-center/issue/MARPA-159/pixeltable-cascade-trigger
MARPA-158,ThatOpen LOD swap,Backlog,"agent-ready, plant-geometry",plant-geometry,claude-code,label,matched area labels: plant-geometry,dry-run,,https://linear.app/00-command-center/issue/MARPA-158/thatopen-lod-swap
MARPA-157,Cesium pin thumbnail,Backlog,"agent-ready, plant-geometry",plant-geometry,claude-code,label,matched area labels: plant-geometry,dry-run,,https://linear.app/00-command-center/issue/MARPA-157/cesium-pin-thumbnail
MARPA-156,Quality review gate,Backlog,"agent-ready, plant-geometry",plant-geometry,claude-code,label,matched area labels: plant-geometry,dry-run,,https://linear.app/00-command-center/issue/MARPA-156/quality-review-gate
MARPA-155,Ollama install + 4 models,Backlog,"agent-ready, agent-runtime",agent-runtime,claude-code,label,matched area labels: agent-runtime,dry-run,,https://linear.app/00-command-center/issue/MARPA-155/ollama-install-4-models
MARPA-154,Model registry sync,Backlog,"agent-ready, agent-runtime",agent-runtime,claude-code,label,matched area labels: agent-runtime,dry-run,,https://linear.app/00-command-center/issue/MARPA-154/model-registry-sync
MARPA-153,Model router runtime,Backlog,"agent-ready, agent-runtime",agent-runtime,claude-code,label,matched area labels: agent-runtime,dry-run,,https://linear.app/00-command-center/issue/MARPA-153/model-router-runtime
MARPA-152,ComfyUI install on Apple Silicon,Backlog,"agent-ready, agent-runtime",agent-runtime,claude-code,label,matched area labels: agent-runtime,dry-run,,https://linear.app/00-command-center/issue/MARPA-152/comfyui-install-on-apple-silicon
MARPA-151,ComfyUI plant-2d-to-3d workflow,Backlog,"agent-ready, agent-runtime",agent-runtime,claude-code,label,matched area labels: agent-runtime,dry-run,,https://linear.app/00-command-center/issue/MARPA-151/comfyui-plant-2d-to-3d-workflow
MARPA-150,ComfyUI tree-crown-gen workflow,Backlog,"agent-ready, agent-runtime",agent-runtime,claude-code,label,matched area labels: agent-runtime,dry-run,,https://linear.app/00-command-center/issue/MARPA-150/comfyui-tree-crown-gen-workflow
MARPA-149,ComfyUI texture-from-photo workflow,Backlog,"agent-ready, agent-runtime",agent-runtime,claude-code,label,matched area labels: agent-runtime,dry-run,,https://linear.app/00-command-center/issue/MARPA-149/comfyui-texture-from-photo-workflow
MARPA-148,ComfyUI Python client,Backlog,"agent-ready, agent-runtime",agent-runtime,claude-code,label,matched area labels: agent-runtime,dry-run,,https://linear.app/00-command-center/issue/MARPA-148/comfyui-python-client
MARPA-147,GeoAI tree detection,Backlog,"agent-ready, agent-runtime",agent-runtime,claude-code,label,matched area labels: agent-runtime,dry-run,,https://linear.app/00-command-center/issue/MARPA-147/geoai-tree-detection
MARPA-146,GeoAI species classifier,Backlog,"agent-ready, agent-runtime",agent-runtime,claude-code,label,matched area labels: agent-runtime,dry-run,,https://linear.app/00-command-center/issue/MARPA-146/geoai-species-classifier
MARPA-145,GeoAI shadow segmentation,Backlog,"agent-ready, agent-runtime",agent-runtime,claude-code,label,matched area labels: agent-runtime,dry-run,,https://linear.app/00-command-center/issue/MARPA-145/geoai-shadow-segmentation
MARPA-144,ML training pipeline,Backlog,"agent-ready, agent-runtime",agent-runtime,claude-code,label,matched area labels: agent-runtime,dry-run,,https://linear.app/00-command-center/issue/MARPA-144/ml-training-pipeline
MARPA-143,Pixeltable text embedding column,Backlog,"agent-ready, agent-runtime",agent-runtime,claude-code,label,matched area labels: agent-runtime,dry-run,,https://linear.app/00-command-center/issue/MARPA-143/pixeltable-text-embedding-column
MARPA-142,Pixeltable image embedding column,Backlog,"agent-ready, agent-runtime",agent-runtime,claude-code,label,matched area labels: agent-runtime,dry-run,,https://linear.app/00-command-center/issue/MARPA-142/pixeltable-image-embedding-column
MARPA-141,Local inference endpoint,Backlog,"agent-ready, agent-runtime",agent-runtime,claude-code,label,matched area labels: agent-runtime,dry-run,,https://linear.app/00-command-center/issue/MARPA-141/local-inference-endpoint
MARPA-140,Browser agent in Marimo,Backlog,"agent-ready, agent-runtime",agent-runtime,claude-code,label,matched area labels: agent-runtime,dry-run,,https://linear.app/00-command-center/issue/MARPA-140/browser-agent-in-marimo
MARPA-139,Schema: Migration 0013 — georef + reality + mirror tables,Backlog,agent-ready,,claude-code,label,no mapped area label; defaulted to claude-code,dry-run,,https://linear.app/00-command-center/issue/MARPA-139/schema-migration-0013-georef-reality-mirror-tables
MARPA-138,Feature: georef.config.json — per-project coordinate authority system,Backlog,agent-ready,,claude-code,label,no mapped area label; defaulted to claude-code,dry-run,,https://linear.app/00-command-center/issue/MARPA-138/feature-georefconfigjson-per-project-coordinate-authority-system
MARPA-137,"Feature: Universal georef ingest — KML, Shapefile, GeoTIFF, Survey CSV, IFC, OSM, DXF",Backlog,agent-ready,,claude-code,label,no mapped area label; defaulted to claude-code,dry-run,,https://linear.app/00-command-center/issue/MARPA-137/feature-universal-georef-ingest-kml-shapefile-geotiff-survey-csv-ifc
MARPA-136,Feature: Drone video streaming ingest → Pixeltable Image columns with GPS georef,Backlog,agent-ready,,claude-code,label,no mapped area label; defaulted to claude-code,dry-run,,https://linear.app/00-command-center/issue/MARPA-136/feature-drone-video-streaming-ingest-pixeltable-image-columns-with-gps
MARPA-135,Feature: Live GID streaming — drone GPS/IMU during flight → real-time Pixeltable inserts,Backlog,agent-ready,,claude-code,label,no mapped area label; defaulted to claude-code,dry-run,,https://linear.app/00-command-center/issue/MARPA-135/feature-live-gid-streaming-drone-gpsimu-during-flight-real-time
MARPA-134,Feature: Gaussian splat ingest + georef alignment + 3DGS browser viewer,Backlog,"3d-viewer, agent-ready",3d-viewer,claude-code,label,matched area labels: 3d-viewer,dry-run,,https://linear.app/00-command-center/issue/MARPA-134/feature-gaussian-splat-ingest-georef-alignment-3dgs-browser-viewer
MARPA-133,Feature: Digital twin mirror_state — all 7 platform layers synced after every event,Backlog,"3d-viewer, agent-ready, cesium",3d-viewer,claude-code,label,matched area labels: 3d-viewer,dry-run,,https://linear.app/00-command-center/issue/MARPA-133/feature-digital-twin-mirror-state-all-7-platform-layers-synced-after
MARPA-132,Feature: Design vs reality C2C divergence — flagged across all platforms,Backlog,"agent-ready, analytics-layer, point-cloud","analytics-layer, point-cloud",claude-code,label,"matched area labels: analytics-layer, point-cloud",dry-run,,https://linear.app/00-command-center/issue/MARPA-132/feature-design-vs-reality-c2c-divergence-flagged-across-all-platforms
MARPA-131,Feature: Existing trees from LiDAR → VW Plant Style Manager + ifc_elements + Cesium + deck.gl,Backlog,"agent-ready, plant-geometry, vw-bridge","plant-geometry, vw-bridge",claude-code,label,"matched area labels: plant-geometry, vw-bridge",dry-run,,https://linear.app/00-command-center/issue/MARPA-131/feature-existing-trees-from-lidar-vw-plant-style-manager-ifc-elements
MARPA-130,Register self-hosted Mac runner for test-pxt CI,Backlog,agent-ready,,claude-code,label,no mapped area label; defaulted to claude-code,dry-run,,https://linear.app/00-command-center/issue/MARPA-130/register-self-hosted-mac-runner-for-test-pxt-ci
MARPA-129,"Implement georef converter stubs → real parsers (KML, Shapefile, OSM, DXF, GeoTIFF, Survey CSV, IFC)",Backlog,agent-ready,,claude-code,label,no mapped area label; defaulted to claude-code,dry-run,,https://linear.app/00-command-center/issue/MARPA-129/implement-georef-converter-stubs-real-parsers-kml-shapefile-osm-dxf
MARPA-128,"Implement reality ingest stubs → real pipelines (drone, splat, point cloud, mirror sync)",Backlog,agent-ready,,claude-code,label,no mapped area label; defaulted to claude-code,dry-run,,https://linear.app/00-command-center/issue/MARPA-128/implement-reality-ingest-stubs-real-pipelines-drone-splat-point-cloud
MARPA-127,"[#17] Implement scripts/audit-dead-dna.sh full check (parse registries, scan invocations, fail on past-target DEFERRED)",Backlog,"agent-ready, meta-harness",meta-harness,hermes,label,matched area labels: meta-harness,dry-run,,https://linear.app/00-command-center/issue/MARPA-127/17-implement-scriptsaudit-dead-dnash-full-check-parse-registries-scan
MARPA-126,[#18] Wire audit-dead-dna.sh into docs-sync-check.yml as Job 12 (Always-Running CI/CD Health Loop),Backlog,"agent-ready, meta-harness",meta-harness,hermes,label,matched area labels: meta-harness,dry-run,,https://linear.app/00-command-center/issue/MARPA-126/18-wire-audit-dead-dnash-into-docs-sync-checkyml-as-job-12-always
MARPA-125,[#19] Capability harvest pass on Graphify (parisgroup) after Phase 1 install — first real ACTIVE/DEFERRED reconciliation,Backlog,"agent-ready, meta-harness",meta-harness,hermes,label,matched area labels: meta-harness,dry-run,,https://linear.app/00-command-center/issue/MARPA-125/19-capability-harvest-pass-on-graphify-parisgroup-after-phase-1
MARPA-124,[#20] Full implementation of scripts/ingest-tutorials.py (graphifyy YouTube ingestion + Pixeltable insert),Backlog,"agent-ready, knowledge-substrate, meta-harness","knowledge-substrate, meta-harness",hermes,label,"matched area labels: knowledge-substrate, meta-harness",dry-run,,https://linear.app/00-command-center/issue/MARPA-124/20-full-implementation-of-scriptsingest-tutorialspy-graphifyy-youtube
MARPA-123,[#21] Full implementation of scripts/ingest-research.py (PDF/HTML/MD → pxt.Document rows),Backlog,"agent-ready, knowledge-substrate, meta-harness","knowledge-substrate, meta-harness",hermes,label,"matched area labels: knowledge-substrate, meta-harness",dry-run,,https://linear.app/00-command-center/issue/MARPA-123/21-full-implementation-of-scriptsingest-researchpy-pdfhtmlmd
MARPA-122,[#22] First harvest pass on Graphify + GitNexus + InfraNodus tutorial coverage (#20 + #21 against curated manifests),Backlog,"agent-ready, knowledge-substrate, meta-harness","knowledge-substrate, meta-harness",hermes,label,"matched area labels: knowledge-substrate, meta-harness",dry-run,,https://linear.app/00-command-center/issue/MARPA-122/22-first-harvest-pass-on-graphify-gitnexus-infranodus-tutorial
MARPA-121,[#23] Full implementation of meta/harness/docs/score-docs.sh (weighted composite per GOAL.md formula),Backlog,"agent-ready, docs-harness, meta-harness","docs-harness, meta-harness",hermes,label,"matched area labels: docs-harness, meta-harness",dry-run,,https://linear.app/00-command-center/issue/MARPA-121/23-full-implementation-of-metaharnessdocsscore-docssh-weighted
MARPA-120,"[#24] Full implementation of sync-doc-mirrors.sh + ingest-docs.py (sparse clones, git-sha tracking, manifest-driven sync; iTwin + CityGML feasibility check)",Backlog,"agent-ready, docs-harness, meta-harness","docs-harness, meta-harness",hermes,label,"matched area labels: docs-harness, meta-harness",dry-run,,https://linear.app/00-command-center/issue/MARPA-120/24-full-implementation-of-sync-doc-mirrorssh-ingest-docspy-sparse
MARPA-119,[#25] Full implementation of detect-doc-gaps.py (cross-reference capability registries ACTIVE rows against doc corpus),Backlog,"agent-ready, docs-harness, meta-harness","docs-harness, meta-harness",hermes,label,"matched area labels: docs-harness, meta-harness",dry-run,,https://linear.app/00-command-center/issue/MARPA-119/25-full-implementation-of-detect-doc-gapspy-cross-reference-capability
MARPA-118,[#26] Wire docs-harness scoring into Global Meta-Harness composite via lattice/harness/health_snapshots,Backlog,"agent-ready, docs-harness, meta-harness","docs-harness, meta-harness",hermes,label,"matched area labels: docs-harness, meta-harness",dry-run,,https://linear.app/00-command-center/issue/MARPA-118/26-wire-docs-harness-scoring-into-global-meta-harness-composite-via
MARPA-117,[#241] skills-registry-populate — first batch of harvested skills into lattice/knowledge/skills_registry,Backlog,"agent-ready, knowledge-substrate, meta-harness","knowledge-substrate, meta-harness",hermes,label,"matched area labels: knowledge-substrate, meta-harness",dry-run,,https://linear.app/00-command-center/issue/MARPA-117/241-skills-registry-populate-first-batch-of-harvested-skills-into
MARPA-116,[#242] embeddings-audit — verify all doc_chunks + tutorial_sentences + research_chunks have non-null embeddings,Backlog,"agent-ready, docs-harness, knowledge-substrate, meta-harness","docs-harness, knowledge-substrate, meta-harness",hermes,label,"matched area labels: docs-harness, knowledge-substrate, meta-harness",dry-run,,https://linear.app/00-command-center/issue/MARPA-116/242-embeddings-audit-verify-all-doc-chunks-tutorial-sentences-research
MARPA-115,Ingest MARPA research corpus into lattice/knowledge/research_docs via scripts/ingest-research.py,Backlog,"agent-ready, knowledge-substrate, meta-harness","knowledge-substrate, meta-harness",hermes,label,"matched area labels: knowledge-substrate, meta-harness",dry-run,,https://linear.app/00-command-center/issue/MARPA-115/ingest-marpa-research-corpus-into-latticeknowledgeresearch-docs-via
MARPA-114,T16 ROOT — Animated Triangle Profile with Audio,Todo,,,claude-code,label,no mapped area label; defaulted to claude-code,dry-run,,https://linear.app/00-command-center/issue/MARPA-114/t16-root-animated-triangle-profile-with-audio
MARPA-113,T15 SUBGRADE_R — Animated Triangle Profile with Audio,Todo,,,claude-code,label,no mapped area label; defaulted to claude-code,dry-run,,https://linear.app/00-command-center/issue/MARPA-113/t15-subgrade-r-animated-triangle-profile-with-audio
MARPA-112,T14 INDEX_R — Animated Triangle Profile with Audio,Todo,,,claude-code,label,no mapped area label; defaulted to claude-code,dry-run,,https://linear.app/00-command-center/issue/MARPA-112/t14-index-r-animated-triangle-profile-with-audio
MARPA-111,T13 INDEX_L — Animated Triangle Profile with Audio,Todo,,,claude-code,label,no mapped area label; defaulted to claude-code,dry-run,,https://linear.app/00-command-center/issue/MARPA-111/t13-index-l-animated-triangle-profile-with-audio
MARPA-110,T12 SUBGRADE_L — Animated Triangle Profile with Audio,Todo,,,claude-code,label,no mapped area label; defaulted to claude-code,dry-run,,https://linear.app/00-command-center/issue/MARPA-110/t12-subgrade-l-animated-triangle-profile-with-audio
MARPA-109,T11 CLASSIFY_R — Animated Triangle Profile with Audio,Todo,,,claude-code,label,no mapped area label; defaulted to claude-code,dry-run,,https://linear.app/00-command-center/issue/MARPA-109/t11-classify-r-animated-triangle-profile-with-audio
MARPA-108,T10 CLASSIFY_L — Animated Triangle Profile with Audio,Todo,,,claude-code,label,no mapped area label; defaulted to claude-code,dry-run,,https://linear.app/00-command-center/issue/MARPA-108/t10-classify-l-animated-triangle-profile-with-audio
MARPA-107,T09 HORIZON — Animated Triangle Profile with Audio,Todo,,,claude-code,label,no mapped area label; defaulted to claude-code,dry-run,,https://linear.app/00-command-center/issue/MARPA-107/t09-horizon-animated-triangle-profile-with-audio
MARPA-106,T08 ENVIRON_F — Animated Triangle Profile with Audio,Todo,,,claude-code,label,no mapped area label; defaulted to claude-code,dry-run,,https://linear.app/00-command-center/issue/MARPA-106/t08-environ-f-animated-triangle-profile-with-audio
MARPA-105,T07 ENVIRON — Animated Triangle Profile with Audio,Todo,,,claude-code,label,no mapped area label; defaulted to claude-code,dry-run,,https://linear.app/00-command-center/issue/MARPA-105/t07-environ-animated-triangle-profile-with-audio
MARPA-104,T06 ECOLOGY — Animated Triangle Profile with Audio,Todo,,,claude-code,label,no mapped area label; defaulted to claude-code,dry-run,,https://linear.app/00-command-center/issue/MARPA-104/t06-ecology-animated-triangle-profile-with-audio
MARPA-103,T05 STEWARD — Animated Triangle Profile with Audio,Todo,,,claude-code,label,no mapped area label; defaulted to claude-code,dry-run,,https://linear.app/00-command-center/issue/MARPA-103/t05-steward-animated-triangle-profile-with-audio
MARPA-102,T04 GRADE — Animated Triangle Profile with Audio,Todo,,,claude-code,label,no mapped area label; defaulted to claude-code,dry-run,,https://linear.app/00-command-center/issue/MARPA-102/t04-grade-animated-triangle-profile-with-audio
MARPA-101,T03 SURVEY — Animated Triangle Profile with Audio,Todo,,,claude-code,label,no mapped area label; defaulted to claude-code,dry-run,,https://linear.app/00-command-center/issue/MARPA-101/t03-survey-animated-triangle-profile-with-audio
MARPA-100,T02 FORM — Animated Triangle Profile with Audio,Todo,,,claude-code,label,no mapped area label; defaulted to claude-code,dry-run,,https://linear.app/00-command-center/issue/MARPA-100/t02-form-animated-triangle-profile-with-audio
MARPA-99,T01 CONTEXT — Animated Triangle Profile with Audio,Todo,,,claude-code,label,no mapped area label; defaulted to claude-code,dry-run,,https://linear.app/00-command-center/issue/MARPA-99/t01-context-animated-triangle-profile-with-audio
MARPA-98,Build Linear Ticket Writer agent with conversation-aware acceptance criteria,Done,,,claude-code,label,no mapped area label; defaulted to claude-code,dry-run,,https://linear.app/00-command-center/issue/MARPA-98/build-linear-ticket-writer-agent-with-conversation-aware-acceptance
MARPA-97,Wire CopilotKit: frontend agents controlling everything,Backlog,,,claude-code,label,no mapped area label; defaulted to claude-code,dry-run,,https://linear.app/00-command-center/issue/MARPA-97/wire-copilotkit-frontend-agents-controlling-everything
MARPA-96,"Research: CopilotKit, AG-UI, LiveKit, A2UI, MCP-UI, Thesys C1",Backlog,,,claude-code,label,no mapped area label; defaulted to claude-code,dry-run,,https://linear.app/00-command-center/issue/MARPA-96/research-copilotkit-ag-ui-livekit-a2ui-mcp-ui-thesys-c1
MARPA-95,"Codebase inventory: scan, visualize, load into databases",Backlog,,,claude-code,label,no mapped area label; defaulted to claude-code,dry-run,,https://linear.app/00-command-center/issue/MARPA-95/codebase-inventory-scan-visualize-load-into-databases
MARPA-94,"Streamline documentation — one doc per topic, Obsidian is home",Backlog,,,claude-code,label,no mapped area label; defaulted to claude-code,dry-run,,https://linear.app/00-command-center/issue/MARPA-94/streamline-documentation-one-doc-per-topic-obsidian-is-home
MARPA-93,Pretext canvas rendering live pipeline data,Backlog,,,claude-code,label,no mapped area label; defaulted to claude-code,dry-run,,https://linear.app/00-command-center/issue/MARPA-93/pretext-canvas-rendering-live-pipeline-data
MARPA-92,Set up agentmail inboxes for 12 profiled agents,Backlog,,,claude-code,label,no mapped area label; defaulted to claude-code,dry-run,,https://linear.app/00-command-center/issue/MARPA-92/set-up-agentmail-inboxes-for-12-profiled-agents
MARPA-91,Connect Inngest events to UI — real-time pipeline progress,Backlog,,,claude-code,label,no mapped area label; defaulted to claude-code,dry-run,,https://linear.app/00-command-center/issue/MARPA-91/connect-inngest-events-to-ui-real-time-pipeline-progress
MARPA-90,Wire agent-im MCP as message bus between UI and agents,Backlog,,,claude-code,label,no mapped area label; defaulted to claude-code,dry-run,,https://linear.app/00-command-center/issue/MARPA-90/wire-agent-im-mcp-as-message-bus-between-ui-and-agents
MARPA-89,Merge feat/turborepo-migration to main,Done,,,claude-code,label,no mapped area label; defaulted to claude-code,dry-run,,https://linear.app/00-command-center/issue/MARPA-89/merge-featturborepo-migration-to-main
MARPA-88,SESSION 4 MASTER PLAN: Activate 78% — consolidated from 3 research scouts + council,Done,,,claude-code,label,no mapped area label; defaulted to claude-code,dry-run,,https://linear.app/00-command-center/issue/MARPA-88/session-4-master-plan-activate-78percent-consolidated-from-3-research
MARPA-87,IMPLEMENT: Wire InfraNodus — MCP server + Obsidian plugin + gap analysis,Backlog,,,claude-code,label,no mapped area label; defaulted to claude-code,dry-run,,https://linear.app/00-command-center/issue/MARPA-87/implement-wire-infranodus-mcp-server-obsidian-plugin-gap-analysis
MARPA-86,BRAINSTORM: Consult all agents — what features can we create that don't exist yet?,Backlog,,,claude-code,label,no mapped area label; defaulted to claude-code,dry-run,,https://linear.app/00-command-center/issue/MARPA-86/brainstorm-consult-all-agents-what-features-can-we-create-that-dont
MARPA-85,"CREATE SKILL: changelog-auditor — read changelogs, find new features, map to GRAFTKIT",Backlog,,,claude-code,label,no mapped area label; defaulted to claude-code,dry-run,,https://linear.app/00-command-center/issue/MARPA-85/create-skill-changelog-auditor-read-changelogs-find-new-features-map
MARPA-84,AUDIT: Feature utilization at 22% — changelog audit for all 12 systems,Backlog,,,claude-code,label,no mapped area label; defaulted to claude-code,dry-run,,https://linear.app/00-command-center/issue/MARPA-84/audit-feature-utilization-at-22percent-changelog-audit-for-all-12
MARPA-83,RESEARCH: Evaluation frameworks for codebase + agent quality assessment,Backlog,,,claude-code,label,no mapped area label; defaulted to claude-code,dry-run,,https://linear.app/00-command-center/issue/MARPA-83/research-evaluation-frameworks-for-codebase-agent-quality-assessment
MARPA-82,IMPLEMENT: Wire OMEGA persistent memory MCP — currently permitted but not connected,Backlog,,,claude-code,label,no mapped area label; defaulted to claude-code,dry-run,,https://linear.app/00-command-center/issue/MARPA-82/implement-wire-omega-persistent-memory-mcp-currently-permitted-but-not
MARPA-81,IMPLEMENT: Training data collection for model fine-tuning via Overgraft loop,Done,,,claude-code,label,no mapped area label; defaulted to claude-code,dry-run,,https://linear.app/00-command-center/issue/MARPA-81/implement-training-data-collection-for-model-fine-tuning-via-overgraft
MARPA-80,RESOURCE: Shader components + HTML theme transitions via fragment shaders,Backlog,,,claude-code,label,no mapped area label; defaulted to claude-code,dry-run,,https://linear.app/00-command-center/issue/MARPA-80/resource-shader-components-html-theme-transitions-via-fragment-shaders
MARPA-79,"RESOURCE: Blueprint.am — build hardware (robots, drones, wearables)",Backlog,,,claude-code,label,no mapped area label; defaulted to claude-code,dry-run,,https://linear.app/00-command-center/issue/MARPA-79/resource-blueprintam-build-hardware-robots-drones-wearables
MARPA-78,"RESOURCE: Claude Code leak analysis — KAIROS, Fennec, Advisor Agent",Backlog,,,claude-code,label,no mapped area label; defaulted to claude-code,dry-run,,https://linear.app/00-command-center/issue/MARPA-78/resource-claude-code-leak-analysis-kairos-fennec-advisor-agent
MARPA-77,"RESOURCE: Verticals — automated YouTube Shorts ($0.11/short, multi-LLM)",Backlog,,,claude-code,label,no mapped area label; defaulted to claude-code,dry-run,,https://linear.app/00-command-center/issue/MARPA-77/resource-verticals-automated-youtube-shorts-dollar011short-multi-llm
MARPA-76,RESOURCE: Text-to-CAD in browser via WebAssembly — export STL/SCAD,Backlog,,,claude-code,label,no mapped area label; defaulted to claude-code,dry-run,,https://linear.app/00-command-center/issue/MARPA-76/resource-text-to-cad-in-browser-via-webassembly-export-stlscad
MARPA-75,RESOURCE: Orchestra — Research IDE for researchers,Backlog,,,claude-code,label,no mapped area label; defaulted to claude-code,dry-run,,https://linear.app/00-command-center/issue/MARPA-75/resource-orchestra-research-ide-for-researchers
MARPA-74,RESOURCE: Repo-to-Prompt — reverse engineer repos into original prompts,Backlog,,,claude-code,label,no mapped area label; defaulted to claude-code,dry-run,,https://linear.app/00-command-center/issue/MARPA-74/resource-repo-to-prompt-reverse-engineer-repos-into-original-prompts
MARPA-73,RESOURCE: WorldGen — text-to-3D world (FLUX + UniK3D Gaussian splatting),Backlog,,,claude-code,label,no mapped area label; defaulted to claude-code,dry-run,,https://linear.app/00-command-center/issue/MARPA-73/resource-worldgen-text-to-3d-world-flux-unik3d-gaussian-splatting
MARPA-72,RESOURCE: MiroShark — AI swarm simulation with Neo4j knowledge graph,Backlog,,,claude-code,label,no mapped area label; defaulted to claude-code,dry-run,,https://linear.app/00-command-center/issue/MARPA-72/resource-miroshark-ai-swarm-simulation-with-neo4j-knowledge-graph
MARPA-71,IMPLEMENT: Semantic Observability — emergent behavior discovery for agents,Done,,,claude-code,label,no mapped area label; defaulted to claude-code,dry-run,,https://linear.app/00-command-center/issue/MARPA-71/implement-semantic-observability-emergent-behavior-discovery-for
MARPA-70,RESOURCE: NVIDIA PersonaPlex 7B — real-time full-duplex voice AI,Backlog,,,claude-code,label,no mapped area label; defaulted to claude-code,dry-run,,https://linear.app/00-command-center/issue/MARPA-70/resource-nvidia-personaplex-7b-real-time-full-duplex-voice-ai
MARPA-69,RESOURCE: free-coding-models — 174 AI models from 23 providers,Backlog,,,claude-code,label,no mapped area label; defaulted to claude-code,dry-run,,https://linear.app/00-command-center/issue/MARPA-69/resource-free-coding-models-174-ai-models-from-23-providers
MARPA-68,REVIEW QUEUE: Manufact — MCP-first product philosophy,Backlog,,,claude-code,label,no mapped area label; defaulted to claude-code,dry-run,,https://linear.app/00-command-center/issue/MARPA-68/review-queue-manufact-mcp-first-product-philosophy
MARPA-67,REVIEW QUEUE: Claude Code AI Design Tool + GSAP animations,Backlog,,,claude-code,label,no mapped area label; defaulted to claude-code,dry-run,,https://linear.app/00-command-center/issue/MARPA-67/review-queue-claude-code-ai-design-tool-gsap-animations
MARPA-66,REVIEW QUEUE: AgentFiles 0.6.0 — Obsidian agent conversation filter,Backlog,,,claude-code,label,no mapped area label; defaulted to claude-code,dry-run,,https://linear.app/00-command-center/issue/MARPA-66/review-queue-agentfiles-060-obsidian-agent-conversation-filter
MARPA-65,REVIEW QUEUE: Cabinet — LLM knowledge base (Karpathy-inspired),Backlog,,,claude-code,label,no mapped area label; defaulted to claude-code,dry-run,,https://linear.app/00-command-center/issue/MARPA-65/review-queue-cabinet-llm-knowledge-base-karpathy-inspired
MARPA-64,REVIEW QUEUE: E2B sandboxed coding agents infrastructure,Backlog,,,claude-code,label,no mapped area label; defaulted to claude-code,dry-run,,https://linear.app/00-command-center/issue/MARPA-64/review-queue-e2b-sandboxed-coding-agents-infrastructure
MARPA-63,REVIEW QUEUE: Mastra metrics dashboard + observability pipeline,Backlog,,,claude-code,label,no mapped area label; defaulted to claude-code,dry-run,,https://linear.app/00-command-center/issue/MARPA-63/review-queue-mastra-metrics-dashboard-observability-pipeline
MARPA-62,IMPLEMENT: CopilotKit Open MCP Client — MCP app builder UI,Done,,,claude-code,label,no mapped area label; defaulted to claude-code,dry-run,,https://linear.app/00-command-center/issue/MARPA-62/implement-copilotkit-open-mcp-client-mcp-app-builder-ui
MARPA-61,IMPLEMENT: Hermes Agent v0.7.0 — memory plugin system update,Done,,,claude-code,label,no mapped area label; defaulted to claude-code,dry-run,,https://linear.app/00-command-center/issue/MARPA-61/implement-hermes-agent-v070-memory-plugin-system-update
MARPA-60,IMPLEMENT: Pretext + Textstring frontend demo — dynamic video from text,Done,,,claude-code,label,no mapped area label; defaulted to claude-code,dry-run,,https://linear.app/00-command-center/issue/MARPA-60/implement-pretext-textstring-frontend-demo-dynamic-video-from-text
MARPA-59,IMPLEMENT: Obsidian Mind — persistent memory template for Claude Code,Done,,,claude-code,label,no mapped area label; defaulted to claude-code,dry-run,,https://linear.app/00-command-center/issue/MARPA-59/implement-obsidian-mind-persistent-memory-template-for-claude-code
MARPA-58,"marimo reads all system docs — dashboards pull from journals, DBs, protocol",Done,,,claude-code,label,no mapped area label; defaulted to claude-code,dry-run,,https://linear.app/00-command-center/issue/MARPA-58/marimo-reads-all-system-docs-dashboards-pull-from-journals-dbs
MARPA-57,All actionable directives go into Linear — protocol rule,Done,,,claude-code,label,no mapped area label; defaulted to claude-code,dry-run,,https://linear.app/00-command-center/issue/MARPA-57/all-actionable-directives-go-into-linear-protocol-rule
MARPA-56,Obsidian integration — second brain for GRAFTKIT knowledge,Done,,,claude-code,label,no mapped area label; defaulted to claude-code,dry-run,,https://linear.app/00-command-center/issue/MARPA-56/obsidian-integration-second-brain-for-graftkit-knowledge
MARPA-55,Database architecture documentation — what each DB is for,Done,,,claude-code,label,no mapped area label; defaulted to claude-code,dry-run,,https://linear.app/00-command-center/issue/MARPA-55/database-architecture-documentation-what-each-db-is-for
MARPA-54,"Documentation update protocol — same doc, updated in place, every time",Done,,,claude-code,label,no mapped area label; defaulted to claude-code,dry-run,,https://linear.app/00-command-center/issue/MARPA-54/documentation-update-protocol-same-doc-updated-in-place-every-time
MARPA-53,Agent Research Journals — each agent gets a persistent journal,Done,,,claude-code,label,no mapped area label; defaulted to claude-code,dry-run,,https://linear.app/00-command-center/issue/MARPA-53/agent-research-journals-each-agent-gets-a-persistent-journal
MARPA-52,Publish team/ agent variants to library.yaml with gist sources,Done,,,claude-code,label,no mapped area label; defaulted to claude-code,dry-run,,https://linear.app/00-command-center/issue/MARPA-52/publish-team-agent-variants-to-libraryyaml-with-gist-sources
MARPA-51,Electrobun: create app entrypoint (src/bun/index.ts) for desktop builds,Done,,,claude-code,label,no mapped area label; defaulted to claude-code,dry-run,,https://linear.app/00-command-center/issue/MARPA-51/electrobun-create-app-entrypoint-srcbunindexts-for-desktop-builds
MARPA-50,Add scripts/ and references/ dirs to stack-specific skills,Backlog,,,claude-code,label,no mapped area label; defaulted to claude-code,dry-run,,https://linear.app/00-command-center/issue/MARPA-50/add-scripts-and-references-dirs-to-stack-specific-skills
MARPA-49,Migrate Pretext from frontend/ to app/ (Next.js 16),Done,,,claude-code,label,no mapped area label; defaulted to claude-code,dry-run,,https://linear.app/00-command-center/issue/MARPA-49/migrate-pretext-from-frontend-to-app-nextjs-16
MARPA-48,"Add trending resources to Engraft: deer-flow, awesome-claude-code, last30days, chandra",Backlog,,,claude-code,label,no mapped area label; defaulted to claude-code,dry-run,,https://linear.app/00-command-center/issue/MARPA-48/add-trending-resources-to-engraft-deer-flow-awesome-claude-code
MARPA-47,Integrate autoagent + hermes-agent + AI-Scientist-v2 into Overgraft self-improvement loop,Done,,,claude-code,label,no mapped area label; defaulted to claude-code,dry-run,,https://linear.app/00-command-center/issue/MARPA-47/integrate-autoagent-hermes-agent-ai-scientist-v2-into-overgraft-self
MARPA-46,Evaluate open-multi-agent framework for Graftline orchestration,Done,,,claude-code,label,no mapped area label; defaulted to claude-code,dry-run,,https://linear.app/00-command-center/issue/MARPA-46/evaluate-open-multi-agent-framework-for-graftline-orchestration
MARPA-45,Enforce mandatory boot sequence: Preflight → Documenter → PM → Team,Done,,,claude-code,label,no mapped area label; defaulted to claude-code,dry-run,,https://linear.app/00-command-center/issue/MARPA-45/enforce-mandatory-boot-sequence-preflight-documenter-pm-team
MARPA-44,Documenter-Reviewer: Mandatory CXML session rendering after every session,Done,,,claude-code,label,no mapped area label; defaulted to claude-code,dry-run,,https://linear.app/00-command-center/issue/MARPA-44/documenter-reviewer-mandatory-cxml-session-rendering-after-every
MARPA-43,PM mandatory briefing: Deploy Documenter-Reviewer FIRST every session,Done,,,claude-code,label,no mapped area label; defaulted to claude-code,dry-run,,https://linear.app/00-command-center/issue/MARPA-43/pm-mandatory-briefing-deploy-documenter-reviewer-first-every-session
MARPA-42,Create stack-specific skills for GRAFTKIT technologies,Done,,,claude-code,label,no mapped area label; defaulted to claude-code,dry-run,,https://linear.app/00-command-center/issue/MARPA-42/create-stack-specific-skills-for-graftkit-technologies
MARPA-41,Design + deploy Agent Team for GRAFTKIT .claude/ buildout,Done,,,claude-code,label,no mapped area label; defaulted to claude-code,dry-run,,https://linear.app/00-command-center/issue/MARPA-41/design-deploy-agent-team-for-graftkit-claude-buildout
MARPA-40,Connect GitHub to Linear + cloud agent PR reviews,Done,,,claude-code,label,no mapped area label; defaulted to claude-code,dry-run,,https://linear.app/00-command-center/issue/MARPA-40/connect-github-to-linear-cloud-agent-pr-reviews
MARPA-39,Set up scheduled tasks for GRAFTKIT automation,Done,,,claude-code,label,no mapped area label; defaulted to claude-code,dry-run,,https://linear.app/00-command-center/issue/MARPA-39/set-up-scheduled-tasks-for-graftkit-automation
MARPA-38,Set up Agent Teams for GRAFTKIT Graftline,Done,,,claude-code,label,no mapped area label; defaulted to claude-code,dry-run,,https://linear.app/00-command-center/issue/MARPA-38/set-up-agent-teams-for-graftkit-graftline
MARPA-37,"Rewrite CLAUDE.md for context efficiency (stable first, dynamic last)",Done,,,claude-code,label,no mapped area label; defaulted to claude-code,dry-run,,https://linear.app/00-command-center/issue/MARPA-37/rewrite-claudemd-for-context-efficiency-stable-first-dynamic-last
MARPA-36,Configure MCP servers in settings.json,Done,,,claude-code,label,no mapped area label; defaulted to claude-code,dry-run,,https://linear.app/00-command-center/issue/MARPA-36/configure-mcp-servers-in-settingsjson
MARPA-35,Create .claude/rules/ with path-scoped rules,Done,,,claude-code,label,no mapped area label; defaulted to claude-code,dry-run,,https://linear.app/00-command-center/issue/MARPA-35/create-clauderules-with-path-scoped-rules
MARPA-34,Create GRAFTKIT skills with proper SKILL.md frontmatter,Done,,,claude-code,label,no mapped area label; defaulted to claude-code,dry-run,,https://linear.app/00-command-center/issue/MARPA-34/create-graftkit-skills-with-proper-skillmd-frontmatter
MARPA-33,Create GRAFTKIT slash commands (.claude/commands/),Done,,,claude-code,label,no mapped area label; defaulted to claude-code,dry-run,,https://linear.app/00-command-center/issue/MARPA-33/create-graftkit-slash-commands-claudecommands
MARPA-32,Create output styles for GRAFTKIT (IndyDevDan pattern),Done,,,claude-code,label,no mapped area label; defaulted to claude-code,dry-run,,https://linear.app/00-command-center/issue/MARPA-32/create-output-styles-for-graftkit-indydevdan-pattern
MARPA-31,Create GRAFTKIT-specific subagent definitions (.claude/agents/),Done,,,claude-code,label,no mapped area label; defaulted to claude-code,dry-run,,https://linear.app/00-command-center/issue/MARPA-31/create-graftkit-specific-subagent-definitions-claudeagents
MARPA-30,Implement observability event system (send_event.py + server),Done,,,claude-code,label,no mapped area label; defaulted to claude-code,dry-run,,https://linear.app/00-command-center/issue/MARPA-30/implement-observability-event-system-send-eventpy-server
MARPA-29,Create statusLine Python script (IndyDevDan v6+ pattern),Done,,,claude-code,label,no mapped area label; defaulted to claude-code,dry-run,,https://linear.app/00-command-center/issue/MARPA-29/create-statusline-python-script-indydevdan-v6-pattern
MARPA-28,Implement 14+ Python hook handlers (IndyDevDan pattern),Done,,,claude-code,label,no mapped area label; defaulted to claude-code,dry-run,,https://linear.app/00-command-center/issue/MARPA-28/implement-14-python-hook-handlers-indydevdan-pattern
MARPA-27,Rewrite settings.json following IndyDevDan hooks-mastery pattern,Done,,,claude-code,label,no mapped area label; defaulted to claude-code,dry-run,,https://linear.app/00-command-center/issue/MARPA-27/rewrite-settingsjson-following-indydevdan-hooks-mastery-pattern
MARPA-26,Configure cgpu for cloud GPU access,Backlog,,,claude-code,label,no mapped area label; defaulted to claude-code,dry-run,,https://linear.app/00-command-center/issue/MARPA-26/configure-cgpu-for-cloud-gpu-access
MARPA-25,Pull and configure Gemma 4 models via Apple MLX (not Ollama),Done,,,claude-code,label,no mapped area label; defaulted to claude-code,dry-run,,https://linear.app/00-command-center/issue/MARPA-25/pull-and-configure-gemma-4-models-via-apple-mlx-not-ollama
MARPA-24,Set up marimo dashboard + control surfaces,Done,,,claude-code,label,no mapped area label; defaulted to claude-code,dry-run,,https://linear.app/00-command-center/issue/MARPA-24/set-up-marimo-dashboard-control-surfaces
MARPA-23,Wire Pixeltable + LATTICE databases into backend,Done,,,claude-code,label,no mapped area label; defaulted to claude-code,dry-run,,https://linear.app/00-command-center/issue/MARPA-23/wire-pixeltable-lattice-databases-into-backend
MARPA-22,Verify ALL installed tools work end-to-end,Done,,,claude-code,label,no mapped area label; defaulted to claude-code,dry-run,,https://linear.app/00-command-center/issue/MARPA-22/verify-all-installed-tools-work-end-to-end
MARPA-21,Deep .claude/ configuration audit across all projects,Done,,,claude-code,label,no mapped area label; defaulted to claude-code,dry-run,,https://linear.app/00-command-center/issue/MARPA-21/deep-claude-configuration-audit-across-all-projects
MARPA-20,Obsolete backup presentation with forbidden equity values retained,Backlog,Improvement,,claude-code,label,no mapped area label; defaulted to claude-code,dry-run,,https://linear.app/00-command-center/issue/MARPA-20/obsolete-backup-presentation-with-forbidden-equity-values-retained
MARPA-19,Duplicate Valuation Framework presentations in delivery package,Backlog,Improvement,,claude-code,label,no mapped area label; defaulted to claude-code,dry-run,,https://linear.app/00-command-center/issue/MARPA-19/duplicate-valuation-framework-presentations-in-delivery-package
MARPA-18,V2: PRD-010 references non-existent audio_durations.json,Backlog,Feature,,claude-code,label,no mapped area label; defaulted to claude-code,dry-run,,https://linear.app/00-command-center/issue/MARPA-18/v2-prd-010-references-non-existent-audio-durationsjson
MARPA-17,EXECUTION_GUIDE.md shows no-op replacement examples (24%→24%),Backlog,Improvement,,claude-code,label,no mapped area label; defaulted to claude-code,dry-run,,https://linear.app/00-command-center/issue/MARPA-17/execution-guidemd-shows-no-op-replacement-examples-24percent24percent
MARPA-16,EXECUTION_GUIDE.md contains hardcoded local paths (not portable),Backlog,Bug,,claude-code,label,no mapped area label; defaulted to claude-code,dry-run,,https://linear.app/00-command-center/issue/MARPA-16/execution-guidemd-contains-hardcoded-local-paths-not-portable
MARPA-15,V2: Zombie data — 30% of slides have stale values (PRD-002),Backlog,Content Error,,claude-code,label,no mapped area label; defaulted to claude-code,dry-run,,https://linear.app/00-command-center/issue/MARPA-15/v2-zombie-data-30percent-of-slides-have-stale-values-prd-002
MARPA-14,"Client concentration risk: 56% revenue from one client, no protective provisions",Backlog,Legal Handoff,,claude-code,label,no mapped area label; defaulted to claude-code,dry-run,,https://linear.app/00-command-center/issue/MARPA-14/client-concentration-risk-56percent-revenue-from-one-client-no
MARPA-13,Stale Path B equity split in spreadsheets (51/30/19 instead of 52/24/24),Backlog,Content Error,,claude-code,label,no mapped area label; defaulted to claude-code,dry-run,,https://linear.app/00-command-center/issue/MARPA-13/stale-path-b-equity-split-in-spreadsheets-513019-instead-of-522424
MARPA-12,"Stale ""Junior Pool"" references with 19% equity (deprecated terminology)",Backlog,Content Error,,claude-code,label,no mapped area label; defaulted to claude-code,dry-run,,https://linear.app/00-command-center/issue/MARPA-12/stale-junior-pool-references-with-19percent-equity-deprecated
MARPA-11,Partner title inconsistencies: wrong titles for Bodie and Pablo in CSVs,Backlog,Content Error,,claude-code,label,no mapped area label; defaulted to claude-code,dry-run,,https://linear.app/00-command-center/issue/MARPA-11/partner-title-inconsistencies-wrong-titles-for-bodie-and-pablo-in-csvs
MARPA-10,Stale equity splits (30/33/35/40%) in 5+ presentation decks,Backlog,Content Error,,claude-code,label,no mapped area label; defaulted to claude-code,dry-run,,https://linear.app/00-command-center/issue/MARPA-10/stale-equity-splits-30333540percent-in-5-presentation-decks
MARPA-9,Remaining $15M valuation references in delivery materials,Backlog,Content Error,,claude-code,label,no mapped area label; defaulted to claude-code,dry-run,,https://linear.app/00-command-center/issue/MARPA-9/remaining-dollar15m-valuation-references-in-delivery-materials
MARPA-8,"Remaining ""Founder"" title references in 8+ HTML/CSV files",Backlog,Content Error,,claude-code,label,no mapped area label; defaulted to claude-code,dry-run,,https://linear.app/00-command-center/issue/MARPA-8/remaining-founder-title-references-in-8-htmlcsv-files
MARPA-7,All binding legal agreements still TBD — blocking legal execution,Backlog,Legal Handoff,,claude-code,label,no mapped area label; defaulted to claude-code,dry-run,,https://linear.app/00-command-center/issue/MARPA-7/all-binding-legal-agreements-still-tbd-blocking-legal-execution
MARPA-6,Vesting rate: canonical 6% vs calculated ~4.6% — mathematical inconsistency,Backlog,Legal Handoff,,claude-code,label,no mapped area label; defaulted to claude-code,dry-run,,https://linear.app/00-command-center/issue/MARPA-6/vesting-rate-canonical-6percent-vs-calculated-46percent-mathematical
MARPA-5,Four conflicting vesting timelines found (4/10/11/15 years) — needs counsel,Backlog,Legal Handoff,,claude-code,label,no mapped area label; defaulted to claude-code,dry-run,,https://linear.app/00-command-center/issue/MARPA-5/four-conflicting-vesting-timelines-found-4101115-years-needs-counsel
MARPA-4,Entity type unresolved: PC vs S-Corp vs Inc — needs counsel determination,Backlog,Legal Handoff,,claude-code,label,no mapped area label; defaulted to claude-code,dry-run,,https://linear.app/00-command-center/issue/MARPA-4/entity-type-unresolved-pc-vs-s-corp-vs-inc-needs-counsel-determination
MARPA-3,Solo path equity: 51/49 vs 52/48 discrepancy needs resolution,Backlog,Content Error,,claude-code,label,no mapped area label; defaulted to claude-code,dry-run,,https://linear.app/00-command-center/issue/MARPA-3/solo-path-equity-5149-vs-5248-discrepancy-needs-resolution
MARPA-2,"canonical-truth.json: ""$17M"" listed as forbidden value but IS the correct value",Backlog,Bug,,claude-code,label,no mapped area label; defaulted to claude-code,dry-run,,https://linear.app/00-command-center/issue/MARPA-2/canonical-truthjson-dollar17m-listed-as-forbidden-value-but-is-the
MARPA-1,"canonical-truth.json: ""Principal & Owner"" is both correct title AND forbidden title",Backlog,Bug,,claude-code,label,no mapped area label; defaulted to claude-code,dry-run,,https://linear.app/00-command-center/issue/MARPA-1/canonical-truthjson-principal-and-owner-is-both-correct-title-and
